<?xml version="1.0" encoding="UTF-8"?>
<project default="generateload" name="text.to.model">
    <property name="ECLIPSE_HOME" value="../../../../MDSE -  Dr Farooq/Obeo/ObeoDesigner-Community"/>
    <property name="ECLIPSE_WORKSPACE" value="C:/Users/Aon/runtime-New_configuration(3)"/>

    <!-- The classpath with only the dependencies used by the project -->
    <path id="text.to.model.libraryclasspath">
        <pathelement location="${ECLIPSE_WORKSPACE}/text.to.model/bin"/>
        <pathelement location="${ECLIPSE_HOME}/plugins/org.eclipse.core.runtime_3.15.300.v20190508-0543.jar"/>
        <pathelement location="${ECLIPSE_HOME}/plugins/javax.inject_1.0.0.v20091030.jar"/>
        <pathelement location="${ECLIPSE_HOME}/plugins/org.eclipse.osgi_3.14.0.v20190517-1309.jar"/>
        <pathelement location="${ECLIPSE_HOME}/plugins/org.eclipse.osgi.compatibility.state_1.1.500.v20190516-1407.jar"/>
        <pathelement location="${ECLIPSE_HOME}/plugins/org.eclipse.equinox.common_3.10.400.v20190516-1504.jar"/>
        <pathelement location="${ECLIPSE_HOME}/plugins/org.eclipse.core.jobs_3.10.400.v20190506-1457.jar"/>
        <pathelement location="${ECLIPSE_HOME}/plugins/org.eclipse.equinox.registry_3.8.400.v20190516-1504.jar"/>
        <pathelement location="${ECLIPSE_HOME}/plugins/org.eclipse.equinox.preferences_3.7.400.v20190516-1504.jar"/>
        <pathelement location="${ECLIPSE_HOME}/plugins/org.eclipse.core.contenttype_3.7.300.v20190215-2048.jar"/>
        <pathelement location="${ECLIPSE_HOME}/plugins/org.eclipse.equinox.app_1.4.200.v20190516-1504.jar"/>
        <pathelement location="${ECLIPSE_HOME}/plugins/org.eclipse.emf.ecore_2.19.0.v20190822-1451.jar"/>
        <pathelement location="${ECLIPSE_HOME}/plugins/org.eclipse.emf.common_2.16.0.v20190625-1131.jar"/>
        <pathelement location="${ECLIPSE_HOME}/plugins/org.eclipse.emf.ecore.xmi_2.16.0.v20190528-0725.jar"/>
        <pathelement location="${ECLIPSE_HOME}/plugins/org.eclipse.ocl_3.10.300.v20190603-1146.jar"/>
        <pathelement location="${ECLIPSE_HOME}/plugins/lpg.runtime.java_2.0.17.v201004271640.jar"/>
        <pathelement location="${ECLIPSE_HOME}/plugins/org.eclipse.ocl.common_1.8.300.v20190603-1146.jar"/>
        <pathelement location="${ECLIPSE_HOME}/plugins/org.eclipse.ocl.ecore_3.10.300.v20190603-1146.jar"/>
        <pathelement location="${ECLIPSE_HOME}/plugins/org.eclipse.acceleo.common_3.7.11.202102190929.jar"/>
        <pathelement location="${ECLIPSE_HOME}/plugins/org.eclipse.acceleo.model_3.7.11.202102190929.jar"/>
        <pathelement location="${ECLIPSE_HOME}/plugins/org.eclipse.acceleo.profiler_3.7.11.202102190929.jar"/>
        <pathelement location="${ECLIPSE_HOME}/plugins/org.eclipse.acceleo.engine_3.7.11.202102190929.jar"/>
        <pathelement location="${ECLIPSE_HOME}/plugins/org.eclipse.emf.codegen.ecore_2.19.0.v20190822-1451.jar"/>
        <pathelement location="${ECLIPSE_HOME}/plugins/org.eclipse.emf.codegen_2.19.0.v20190821-1536.jar"/>
        <pathelement location="${ECLIPSE_HOME}/plugins/com.google.guava_27.1.0.v20190517-1946.jar"/>
    </path>

    <path id="text.to.model.classpath">
        <path refid="text.to.model.libraryclasspath"/>
    </path>

    <!-- The classpath with only the jars available in the plugin folder of Eclipse -->
    <path id="text.to.model.libraryclasspath.alljars">
        <pathelement location="../text.to.model/bin"/>
        <fileset dir="${ECLIPSE_HOME}/plugins/" includes="*.jar"/>
    </path>

    <path id="text.to.model.classpath.alljars">
        <path refid="text.to.model.libraryclasspath.alljars"/>
    </path>

    <!-- The default task with the jars used by this project -->
    <target name="generateload">
        <java classname="text.to.model.main.Generateload" classpathref="text.to.model.classpath">
            <arg value="${model}"/>
            <arg value="${target}"/>
        </java>
    </target>

    <!--
        In case of problem you can also try with all the jar available in your Eclipse
        Keep in mind that having two versions of the same jar can create problems
    -->
    <target name="generateload.alljars">
        <java classname="text.to.model.main.Generateload" classpathref="text.to.model.classpath">
            <arg value="${model}"/>
            <arg value="${target}"/>
        </java>
    </target>
</project>
