<?xml version="1.0" encoding="UTF-8"?>
<project default="generate" name="text.to.model">
    <property name="ECLIPSE_HOME" value="C:/Users/Aon/OBEO 11.4/ObeoDesigner-Community"/>
    <property name="ECLIPSE_WORKSPACE" value="C:/Users/Aon/OBEO 11.4/ObeoDesigner-Community/runtime-EclipseApplication"/>

    <!-- The classpath with only the dependencies used by the project -->
    <path id="text.to.model.libraryclasspath">
        <pathelement location="${ECLIPSE_WORKSPACE}/text.to.model/bin"/>
        <pathelement location="${ECLIPSE_HOME}/plugins/org.eclipse.core.runtime_3.18.0.v20200506-2143.jar"/>
        <pathelement location="${ECLIPSE_HOME}/plugins/org.eclipse.osgi_3.15.300.v20200520-1959.jar"/>
        <pathelement location="${ECLIPSE_HOME}/plugins/org.eclipse.osgi.compatibility.state_1.1.800.v20200511-1223.jar"/>
        <pathelement location="${ECLIPSE_HOME}/plugins/org.eclipse.equinox.common_3.12.0.v20200504-1602.jar"/>
        <pathelement location="${ECLIPSE_HOME}/plugins/org.eclipse.core.jobs_3.10.800.v20200421-0950.jar"/>
        <pathelement location="${ECLIPSE_HOME}/plugins/org.eclipse.equinox.registry_3.8.800.v20200406-0956.jar"/>
        <pathelement location="${ECLIPSE_HOME}/plugins/org.eclipse.equinox.preferences_3.8.0.v20200422-1833.jar"/>
        <pathelement location="${ECLIPSE_HOME}/plugins/org.eclipse.core.contenttype_3.7.700.v20200517-1644.jar"/>
        <pathelement location="${ECLIPSE_HOME}/plugins/org.eclipse.equinox.app_1.4.500.v20200422-1833.jar"/>
        <pathelement location="${ECLIPSE_HOME}/plugins/org.eclipse.emf.ecore_2.22.0.v20200519-1135.jar"/>
        <pathelement location="${ECLIPSE_HOME}/plugins/org.eclipse.emf.common_2.19.0.v20200324-0932.jar"/>
        <pathelement location="${ECLIPSE_HOME}/plugins/org.eclipse.emf.ecore.xmi_2.16.0.v20190528-0725.jar"/>
        <pathelement location="${ECLIPSE_HOME}/plugins/org.eclipse.ocl_3.15.0.v20200608-1555.jar"/>
        <pathelement location="${ECLIPSE_HOME}/plugins/lpg.runtime.java_2.0.17.v201004271640.jar"/>
        <pathelement location="${ECLIPSE_HOME}/plugins/org.eclipse.ocl.common_1.8.400.v20200608-1555.jar"/>
        <pathelement location="${ECLIPSE_HOME}/plugins/org.eclipse.ocl.ecore_3.15.0.v20200608-1555.jar"/>
        <pathelement location="${ECLIPSE_HOME}/plugins/org.eclipse.acceleo.common_3.7.10.202002210922.jar"/>
        <pathelement location="${ECLIPSE_HOME}/plugins/org.eclipse.acceleo.model_3.7.10.202002210922.jar"/>
        <pathelement location="${ECLIPSE_HOME}/plugins/org.eclipse.acceleo.profiler_3.7.10.202002210922.jar"/>
        <pathelement location="${ECLIPSE_HOME}/plugins/org.eclipse.acceleo.engine_3.7.10.202002210922.jar"/>
        <pathelement location="${ECLIPSE_HOME}/plugins/org.eclipse.emf.codegen.ecore_2.22.0.v20200324-0947.jar"/>
        <pathelement location="${ECLIPSE_HOME}/plugins/org.eclipse.emf.codegen_2.20.0.v20200324-0932.jar"/>
        <pathelement location="${ECLIPSE_HOME}/plugins/com.google.guava_27.1.0.v20190517-1946.jar"/>
        <pathelement location="${ECLIPSE_HOME}/plugins/org.eclipse.acceleo.parser_3.7.10.202002210922.jar"/>
        <pathelement location="${ECLIPSE_HOME}/plugins/org.apache.ant_1.10.8.v20200515-1239/lib/ant-antlr.jar"/>
    </path>

    <path id="text.to.model.classpath">
        <path refid="text.to.model.libraryclasspath"/>
    </path>

    <!-- The classpath with only the jars available in the plugin folder of Eclipse -->
    <path id="text.to.model.libraryclasspath.alljars">
        <pathelement location="../text.to.model/bin"/>
        <fileset dir="${ECLIPSE_HOME}/plugins/" includes="*.jar"/>
    </path>

    <path id="text.to.model.classpath.alljars">
        <path refid="text.to.model.libraryclasspath.alljars"/>
    </path>

    <!-- The default task with the jars used by this project -->
    <target name="generate">
        <java classname="text.to.model.main.Generate" classpathref="text.to.model.classpath">
            <arg value="${model}"/>
            <arg value="${target}"/>
        </java>
    </target>

    <!--
        In case of problem you can also try with all the jar available in your Eclipse
        Keep in mind that having two versions of the same jar can create problems
    -->
    <target name="generate.alljars">
        <java classname="text.to.model.main.Generate" classpathref="text.to.model.classpath">
            <arg value="${model}"/>
            <arg value="${target}"/>
        </java>
    </target>
</project>
